file,speaker,n_ips,n_turns,n_vowels_total,art_rate_median,art_rate_mean,art_rate_sd,sylls_per_ip_median,syl_slope,speech_time_s,pause_time_s,total_duration_s,n_pauses,pause_median_ms,pause_mean_ms,pause_sd_ms,log_pause_median_ms,pauses_per_100_vowels,overall_art_rate,overall_spk_rate,pitch_range_median,pitch_range_mean,pitch_range_sd,pitch_level_median
VAL_H1A_2019_001,SPEAKER_00,23,16,284,6.531,6.306,1.346,12.0,-0.3508,46.246,4.661,50.907,7,590.0,665.857,237.944,6.38,2.46,6.141,5.579,3.359,3.491,0.387,94.23
VAL_H1A_2019_001,SPEAKER_01,142,16,1870,6.444,6.357,2.14,10.0,0.0234,299.744,96.086,395.83,126,671.5,762.587,487.106,6.51,6.74,6.239,4.724,4.623,4.908,2.164,82.227
VAL_H1A_2020_002,SPEAKER_00,122,13,1529,5.288,5.3,1.891,10.5,0.0117,291.841,95.991,387.832,109,670.0,880.651,610.14,6.507,7.13,5.239,3.942,4.184,4.39,1.533,82.88
VAL_H1A_2020_002,SPEAKER_01,41,12,333,6.25,5.961,1.942,6.0,-0.0502,59.031,30.411,89.442,29,710.0,1048.655,854.403,6.565,8.71,5.641,3.723,4.36,4.592,2.054,84.905
VAL_H1A_2020_003,SPEAKER_00,64,27,545,5.672,5.386,1.857,8.0,0.0569,100.76,38.373,139.133,37,780.0,1037.105,815.344,6.659,6.79,5.409,3.917,3.317,3.394,0.99,92.339
VAL_H1A_2020_003,SPEAKER_01,119,28,1650,6.422,6.328,1.876,12.0,-0.0049,260.199,66.293,326.492,91,633.0,728.495,400.681,6.45,5.52,6.341,5.054,3.258,3.371,1.665,78.832
VAL_H1A_2021_0031,SPEAKER_00,29,21,358,6.772,6.82,1.6,11.0,-0.2714,56.023,32.435,88.458,8,1239.0,4054.375,7644.31,7.122,2.23,6.39,4.047,4.184,4.837,2.964,94.309
VAL_H1A_2021_0031,SPEAKER_01,123,21,1938,5.572,5.6,1.838,13.0,-0.0321,336.465,76.578,413.043,102,590.0,750.765,704.606,6.38,5.26,5.76,4.692,3.293,3.416,1.324,87.817
VAL_H1A_2021_0032,SPEAKER_00,153,20,2583,6.78,6.777,2.076,14.0,0.0694,383.926,88.701,472.627,133,520.0,666.925,522.551,6.254,5.15,6.728,5.465,3.501,3.745,1.524,79.132
VAL_H1A_2021_0032,SPEAKER_01,28,19,276,6.357,6.258,1.87,10.5,0.0805,44.461,6.246,50.707,9,670.0,694.0,152.829,6.507,3.26,6.208,5.443,7.787,7.481,1.182,93.886
VAL_H1A_2021_0032,UNKNOWN,1,1,2,16.667,16.667,0.0,2.0,,0.12,0.0,0.12,0,,,,,0.0,16.667,16.667,,,,
VAL_H1A_2021_0033,SPEAKER_00,29,16,280,6.78,6.645,2.42,8.0,0.0749,42.805,11.765,54.57,13,730.0,905.0,526.207,6.593,4.64,6.541,5.131,2.917,3.445,1.578,92.523
VAL_H1A_2021_0033,SPEAKER_01,167,16,2008,6.411,6.52,2.018,10.0,0.0326,322.488,101.968,424.456,151,530.0,675.285,572.871,6.273,7.52,6.227,4.731,3.061,4.013,3.639,81.222
VAL_H1A_2021_0034,SPEAKER_00,197,11,2103,6.604,6.408,2.403,9.0,-0.0174,333.886,182.742,516.628,186,815.0,982.483,566.019,6.703,8.84,6.299,4.071,2.462,2.912,1.53,77.588
VAL_H1A_2021_0034,SPEAKER_01,19,11,225,6.667,6.691,1.723,11.0,0.286,35.175,11.84,47.015,8,960.0,1480.0,1213.528,6.867,3.56,6.397,4.786,2.838,2.838,0.0,92.187
VAL_H1A_2021_0039,SPEAKER_00,144,11,2378,7.024,6.986,1.914,14.0,0.0105,350.598,117.084,467.682,133,610.0,880.331,1889.418,6.413,5.59,6.783,5.085,4.586,4.915,2.163,80.001
VAL_H1A_2021_0039,SPEAKER_01,47,10,731,6.04,6.16,1.888,11.0,-0.1895,115.835,22.632,138.467,37,511.0,611.676,322.79,6.236,5.06,6.311,5.279,5.397,5.886,2.503,92.796
VAL_H1A_2021_0040,SPEAKER_00,25,10,200,5.882,6.728,2.748,7.0,-0.1146,33.85,10.008,43.858,15,650.0,667.193,275.561,6.477,7.5,5.908,4.56,4.537,4.726,2.96,81.518
VAL_H1A_2021_0040,SPEAKER_01,140,11,1894,5.669,5.811,2.343,11.0,0.0002,330.145,121.416,451.561,129,760.0,941.209,624.101,6.633,6.81,5.737,4.194,4.989,4.935,1.621,88.007
VAL_H1A_2021_0040,UNKNOWN,1,1,2,19.98,19.98,0.0,2.0,,0.1,0.0,0.1,0,,,,,0.0,19.98,19.98,,,,
VAL_H1A_2021_0044,SPEAKER_00,189,12,2108,6.431,6.352,2.377,8.0,-0.0114,338.498,146.93,485.428,177,632.0,830.114,665.326,6.449,8.4,6.228,4.343,4.12,4.685,3.112,80.849
VAL_H1A_2021_0044,SPEAKER_01,13,11,181,5.412,5.234,1.458,12.0,0.6703,33.526,2.082,35.608,2,1041.0,1041.0,511.0,6.948,1.1,5.399,5.083,7.323,6.506,2.877,82.687
VAL_H1B_2003_00589,SPEAKER_00,124,19,1409,5.735,6.02,2.008,9.0,-0.0474,235.255,83.035,318.29,105,690.0,790.81,385.048,6.537,7.45,5.989,4.427,4.713,4.724,1.427,82.167
VAL_H1B_2003_00589,SPEAKER_01,27,19,261,7.143,7.137,1.873,10.0,-0.1172,38.408,7.656,46.064,8,630.0,957.0,813.773,6.446,3.07,6.795,5.666,5.704,5.605,2.322,82.167
VAL_H1B_2019_00183,SPEAKER_00,102,12,1462,5.736,5.695,1.67,12.0,-0.033,248.736,57.39,306.126,90,560.0,637.667,310.614,6.328,6.16,5.878,4.776,3.95,4.063,1.345,83.082
VAL_H1B_2019_00183,SPEAKER_01,25,12,355,6.358,6.664,1.957,12.0,0.1346,58.093,10.005,68.098,13,791.0,769.615,384.752,6.673,3.66,6.111,5.213,4.511,4.011,1.691,89.438
VAL_H1B_2020_00114,SPEAKER_00,163,14,1430,5.634,5.662,2.425,8.0,-0.0046,256.921,133.161,390.082,149,650.0,893.698,632.137,6.477,10.42,5.566,3.666,3.564,4.097,1.919,77.871
VAL_H1B_2020_00114,SPEAKER_01,32,13,359,5.254,4.833,1.445,10.0,-0.0126,72.886,9.114,82.0,19,440.0,479.684,151.733,6.087,5.29,4.926,4.378,4.572,4.621,1.199,91.411
VAL_H1B_2020_00128,SPEAKER_00,15,10,184,6.716,6.536,0.987,12.0,0.3214,29.074,2.708,31.782,5,501.0,541.6,248.413,6.217,2.72,6.329,5.789,7.149,7.12,2.693,91.906
VAL_H1B_2020_00128,SPEAKER_01,121,10,1863,5.425,5.438,1.362,13.0,-0.0289,344.02,81.82,425.84,111,530.0,737.117,722.35,6.273,5.96,5.415,4.375,3.946,4.355,1.655,81.855
VAL_H1B_2021_004,SPEAKER_00,117,14,1557,5.96,6.009,2.286,11.0,0.0102,267.265,98.602,365.867,103,760.0,957.301,690.786,6.633,6.62,5.826,4.256,4.083,4.448,1.702,77.18
VAL_H1B_2021_004,SPEAKER_01,22,14,190,6.202,6.082,2.634,9.0,-0.1118,34.871,6.743,41.614,8,780.0,842.875,337.683,6.659,4.21,5.449,4.566,,,,
VAL_H1B_2022_00101,SPEAKER_00,13,7,134,6.593,8.472,5.288,7.0,0.0769,20.635,6.325,26.96,6,506.0,1054.167,1070.723,6.227,4.48,6.494,4.97,2.834,2.834,0.0,95.38
VAL_H1B_2022_00101,SPEAKER_01,63,8,853,6.349,6.091,2.389,10.0,-0.0057,142.125,39.061,181.186,55,580.0,710.2,715.332,6.363,6.45,6.002,4.708,4.748,4.987,2.204,83.374
VAL_H1B_2022_0099,SPEAKER_00,170,59,1348,5.932,5.918,2.252,6.0,-0.0161,236.231,116.037,352.268,111,840.0,1045.378,682.207,6.733,8.23,5.706,3.827,2.674,3.105,1.65,83.148
VAL_H1B_2022_0099,SPEAKER_01,108,60,983,6.588,6.537,2.416,8.0,-0.0294,162.59,47.709,210.299,48,715.0,993.938,1153.829,6.572,4.88,6.046,4.674,3.599,4.175,1.995,88.807
VAL_H1B_2026_00630,SPEAKER_00,46,20,474,5.991,6.468,2.441,8.0,0.0461,74.07,24.021,98.091,26,747.5,923.885,700.302,6.617,5.49,6.399,4.832,2.766,3.925,2.925,90.003
VAL_H1B_2026_00630,SPEAKER_01,165,20,2212,6.683,6.732,2.054,10.0,0.004,324.991,102.151,427.142,145,625.0,704.49,349.12,6.438,6.56,6.806,5.179,5.164,5.409,2.853,83.9
VAL_H1B_2026_00630,UNKNOWN,1,1,1,2.273,2.273,0.0,1.0,,0.44,0.0,0.44,0,,,,,0.0,2.273,2.273,,,,
VAL_H1B_2026_00631,SPEAKER_00,2,2,80,6.065,6.065,0.15,40.0,,13.256,0.0,13.256,0,,,,,0.0,6.035,6.035,3.759,3.759,0.0,88.288
VAL_H1B_2026_00631,SPEAKER_01,127,3,2182,6.502,6.283,2.024,14.0,0.0279,344.74,97.343,442.083,124,775.0,785.024,416.666,6.653,5.68,6.329,4.936,3.711,3.74,1.502,79.066
VAL_H1B_2026_00634,SPEAKER_00,19,3,318,4.938,5.2,1.363,14.0,0.5,67.05,14.124,81.174,16,855.5,882.75,419.133,6.752,5.03,4.743,3.918,3.792,3.797,1.384,90.875
VAL_H1B_2026_00634,SPEAKER_01,173,3,1804,6.667,6.601,2.607,9.0,-0.0045,287.586,164.617,452.203,170,640.0,968.336,1627.395,6.461,9.42,6.273,3.989,2.843,3.324,1.823,80.054
VAL_H1M_2019_00181,SPEAKER_00,12,6,184,5.473,5.616,1.994,14.0,1.1329,35.984,3.854,39.838,6,500.0,642.333,321.35,6.215,3.26,5.113,4.619,2.681,2.652,0.604,91.572
VAL_H1M_2019_00181,SPEAKER_01,149,7,1731,5.078,5.219,2.464,10.0,-0.0075,338.784,103.257,442.041,142,595.0,727.163,470.342,6.389,8.2,5.109,3.916,2.764,3.326,1.814,79.372
VAL_H1M_2019_00181,UNKNOWN,1,1,6,7.5,7.5,0.0,6.0,,0.8,0.0,0.8,0,,,,,0.0,7.5,7.5,,,,
VAL_H1M_2020_00155,SPEAKER_00,44,26,398,7.021,7.039,2.121,7.0,-0.0988,59.623,18.261,77.884,18,620.0,1014.5,750.555,6.43,4.52,6.675,5.11,4.644,4.75,1.212,93.248
VAL_H1M_2020_00155,SPEAKER_01,146,27,1508,6.714,6.862,2.526,8.5,-0.0331,228.147,91.404,319.551,119,670.0,768.101,480.007,6.507,7.89,6.61,4.719,2.932,3.266,1.384,79.374
VAL_H1M_2020_00165,SPEAKER_00,201,41,2311,6.539,6.608,2.494,9.0,0.0,353.555,138.26,491.815,160,680.0,864.125,657.419,6.522,6.92,6.536,4.699,4.514,5.161,2.521,85.039
VAL_H1M_2020_00165,SPEAKER_01,73,40,451,7.806,7.712,2.654,4.0,-0.0018,59.383,37.675,97.058,33,771.0,1141.667,893.838,6.648,7.32,7.595,4.647,3.365,5.396,3.63,94.584
VAL_H1M_2021_0027,SPEAKER_00,43,13,581,6.693,6.84,1.984,12.0,0.0263,88.003,20.321,108.324,30,605.5,677.367,389.839,6.406,5.16,6.602,5.364,5.131,5.441,2.269,83.787
VAL_H1M_2021_0027,SPEAKER_01,195,14,2428,6.487,6.584,2.237,9.0,-0.0166,371.317,135.365,506.682,181,600.0,747.872,533.377,6.397,7.45,6.539,4.792,5.501,5.865,3.266,81.728
VAL_H1M_2021_0036,SPEAKER_00,7,2,64,6.061,5.09,2.529,8.0,0.1786,10.902,2.182,13.084,5,390.0,436.4,124.593,5.966,7.81,5.87,4.891,,,,
VAL_H1M_2021_0036,SPEAKER_01,200,3,2502,6.54,6.492,1.983,11.0,0.0154,392.182,157.097,549.279,197,640.0,797.447,534.351,6.461,7.87,6.38,4.555,6.429,6.524,2.845,86.489
VAL_H1M_2021_0042,SPEAKER_00,41,23,416,7.937,7.581,2.449,8.0,0.0129,56.964,15.084,72.048,18,550.5,838.0,577.543,6.311,4.33,7.303,5.774,4.576,4.576,0.0,93.568
VAL_H1M_2021_0042,SPEAKER_01,137,24,1942,6.977,6.865,2.158,11.0,0.0207,282.249,93.318,375.567,113,700.0,825.823,507.688,6.551,5.82,6.88,5.171,4.64,5.28,2.734,85.004
VAL_H1M_2021_0042,UNKNOWN,1,1,2,12.5,12.5,0.0,2.0,,0.16,0.0,0.16,0,,,,,0.0,12.5,12.5,,,,
VAL_H1M_2021_0049,SPEAKER_00,164,10,1354,6.431,6.215,2.078,7.0,0.0196,215.034,193.25,408.284,154,1055.0,1254.87,886.867,6.961,11.37,6.297,3.316,3.05,3.81,4.651,76.553
VAL_H1M_2021_0049,SPEAKER_01,13,9,103,6.838,6.524,2.05,8.0,0.2198,16.194,5.937,22.131,4,1356.5,1484.25,948.253,7.213,3.88,6.36,4.654,3.534,3.507,2.031,78.399
VAL_H1M_2021_0056,SPEAKER_00,27,14,474,7.938,7.467,2.593,20.0,-0.0427,63.142,12.98,76.122,13,590.0,998.462,859.894,6.38,2.74,7.507,6.227,5.332,5.166,1.283,85.873
VAL_H1M_2021_0056,SPEAKER_01,143,14,2350,7.605,7.466,2.27,14.0,0.0132,311.862,84.432,396.294,129,560.0,654.512,368.12,6.328,5.49,7.535,5.93,4.868,5.371,3.463,82.197
VAL_H1M_2023_00277,SPEAKER_00,14,5,202,5.918,5.734,1.646,12.5,-0.4571,34.397,9.085,43.482,9,990.0,1009.444,563.741,6.898,4.46,5.873,4.646,2.545,3.289,1.427,94.719
VAL_H1M_2023_00277,SPEAKER_01,189,6,2082,5.469,5.581,2.155,9.0,-0.0393,380.604,141.267,521.871,183,610.0,771.951,572.77,6.413,8.79,5.47,3.989,2.972,3.282,1.769,83.289
VAL_H1M_2023_005,SPEAKER_00,14,5,207,5.569,6.208,2.239,10.5,0.0681,35.196,7.177,42.373,9,760.0,797.444,412.261,6.633,4.35,5.881,4.885,2.322,2.769,1.195,94.35
VAL_H1M_2023_005,SPEAKER_01,193,6,2093,5.455,5.567,2.226,9.0,-0.0378,380.149,141.73,521.879,187,600.0,757.914,569.185,6.397,8.93,5.506,4.011,2.848,3.231,1.746,83.304
VAL_H2A_2019_00210,SPEAKER_00,114,14,1265,5.794,5.842,2.289,9.5,-0.0138,223.755,92.63,316.385,100,830.0,926.299,626.674,6.721,7.91,5.653,3.998,3.537,4.187,3.216,80.527
VAL_H2A_2019_00210,SPEAKER_01,33,13,313,7.359,7.509,2.8,7.0,-0.0538,43.75,17.006,60.756,20,655.0,850.3,611.785,6.485,6.39,7.154,5.152,4.736,4.648,2.401,88.411
VAL_H2A_2019_006,SPEAKER_00,26,21,364,6.205,6.084,1.566,12.5,-0.0964,61.881,2.23,64.111,5,440.0,446.0,127.059,6.087,1.37,5.882,5.678,5.259,5.586,1.395,94.558
VAL_H2A_2019_006,SPEAKER_01,183,22,2017,6.78,6.856,2.4,9.0,-0.01,305.995,121.317,427.312,161,652.0,753.522,433.204,6.48,7.98,6.592,4.72,3.479,3.8,3.076,80.627
VAL_H2A_2020_00137,SPEAKER_00,38,13,682,7.054,7.259,1.761,14.5,-0.0652,93.643,15.024,108.667,25,530.0,600.96,370.706,6.273,3.67,7.283,6.276,6.776,6.238,1.542,92.544
VAL_H2A_2020_00137,SPEAKER_01,101,12,1271,7.625,7.468,2.447,9.0,-0.0098,174.228,72.854,247.082,89,600.0,818.584,635.657,6.397,7.0,7.295,5.144,5.642,5.729,2.053,84.013
VAL_H2A_2020_00142,SPEAKER_00,162,10,2212,7.489,7.359,1.882,12.0,-0.0077,302.497,120.965,423.462,152,570.0,795.822,588.187,6.346,6.87,7.312,5.224,5.63,6.095,2.716,88.525
VAL_H2A_2020_00142,SPEAKER_01,20,9,325,7.393,7.415,1.318,12.5,-0.0489,46.082,7.901,53.983,11,680.0,718.273,300.587,6.522,3.38,7.053,6.02,2.985,3.118,0.918,91.411
VAL_H2A_2020_00143,SPEAKER_00,200,4,2298,6.352,6.424,2.364,10.0,0.0092,361.059,162.448,523.507,196,660.0,828.817,644.751,6.492,8.53,6.365,4.39,4.303,4.392,1.769,83.517
VAL_H2A_2020_00143,SPEAKER_01,8,3,92,7.236,6.914,1.396,7.5,1.9286,13.46,4.04,17.5,5,980.0,808.0,384.052,6.888,5.43,6.835,5.257,4.163,4.392,0.337,84.63
VAL_H2A_2020_00144,SPEAKER_00,10,6,123,6.712,5.708,2.372,10.5,-2.1152,18.859,3.171,22.03,4,770.5,792.75,376.627,6.647,3.25,6.522,5.583,3.696,3.414,1.309,93.493
VAL_H2A_2020_00144,SPEAKER_01,132,7,2186,6.876,6.723,2.08,13.0,0.0347,321.55,85.5,407.05,125,580.0,684.0,457.05,6.363,5.72,6.798,5.37,4.162,4.817,3.414,81.284
VAL_H2A_2020_00147,SPEAKER_00,27,15,276,5.357,5.811,1.617,10.0,-0.0073,48.77,8.525,57.295,12,660.0,710.417,376.652,6.492,4.35,5.659,4.817,3.853,3.945,1.11,93.011
VAL_H2A_2020_00147,SPEAKER_01,144,16,1612,5.277,5.389,1.932,10.0,-0.0006,306.172,88.425,394.597,128,525.0,690.82,549.686,6.263,7.94,5.265,4.085,3.345,3.844,3.069,78.521
VAL_H2A_2020_007,SPEAKER_00,15,7,196,7.205,7.002,1.97,10.0,0.25,29.568,6.552,36.12,8,790.0,819.0,441.186,6.672,4.08,6.629,5.426,5.601,5.979,2.336,84.525
VAL_H2A_2020_007,SPEAKER_01,212,7,2757,5.721,5.676,1.853,10.5,-0.0048,472.358,130.161,602.519,205,440.0,634.932,616.828,6.087,7.44,5.837,4.576,4.659,4.659,1.765,84.706
VAL_H2A_2023_00384,SPEAKER_00,27,17,298,6.468,6.09,1.75,10.0,-0.1972,50.451,10.021,60.472,10,490.0,1002.1,1608.694,6.194,3.36,5.907,4.928,3.298,3.184,0.838,93.762
VAL_H2A_2023_00384,SPEAKER_01,143,17,1847,6.383,6.317,2.096,10.0,0.0239,297.707,93.423,391.13,126,670.5,741.452,472.329,6.508,6.82,6.204,4.722,4.435,4.831,2.155,82.18
VAL_H2A_2024_00435,SPEAKER_00,6,4,74,5.983,6.508,1.82,11.5,-0.2286,11.03,1.08,12.11,2,540.0,540.0,190.0,6.292,2.7,6.709,6.111,,,,
VAL_H2A_2024_00435,SPEAKER_01,189,5,1994,6.356,6.449,2.311,9.0,0.0179,307.372,178.606,485.978,184,779.5,970.685,727.759,6.659,9.23,6.487,4.103,3.716,4.036,1.977,80.596
VAL_H2B_2020_00119,SPEAKER_00,196,7,1872,5.932,5.853,1.698,9.0,-0.0057,318.808,145.946,464.754,189,670.0,772.201,420.057,6.507,10.1,5.872,4.028,4.46,4.532,2.236,78.433
VAL_H2B_2020_00119,SPEAKER_01,6,6,95,5.721,5.687,1.455,16.5,-0.3143,16.659,0.0,16.659,0,,,,,0.0,5.703,5.703,4.017,4.017,0.977,80.137
VAL_H2B_2020_00156,SPEAKER_00,32,12,183,5.61,5.865,2.799,4.0,0.1307,32.809,19.692,52.501,20,695.5,984.6,702.814,6.545,10.93,5.578,3.486,0.671,0.671,0.0,84.005
VAL_H2B_2020_00156,SPEAKER_01,204,12,2615,6.522,6.876,2.885,10.0,0.0147,400.848,152.222,553.07,192,610.0,792.823,696.592,6.413,7.34,6.524,4.728,5.738,6.856,4.082,81.023
VAL_H2B_2020_008,SPEAKER_00,173,4,1949,6.145,5.988,1.969,9.0,0.0438,331.125,137.165,468.29,169,680.0,811.627,507.513,6.522,8.67,5.886,4.162,3.615,3.947,1.919,78.962
VAL_H2B_2020_008,SPEAKER_01,8,3,124,6.33,6.255,1.516,11.5,1.619,19.993,4.132,24.125,5,650.0,826.4,572.192,6.477,4.03,6.202,5.14,3.74,3.505,1.068,80.693
VAL_H2B_2021_0060,SPEAKER_00,19,11,164,8.824,8.393,3.714,8.0,0.4386,22.335,4.825,27.16,8,386.0,603.125,378.069,5.956,4.88,7.343,6.038,5.184,5.184,0.0,95.462
VAL_H2B_2021_0060,SPEAKER_01,128,11,1834,7.201,7.057,2.024,11.0,0.0364,261.044,74.665,335.709,117,500.0,638.162,421.537,6.215,6.38,7.026,5.463,4.39,4.83,2.954,79.958
VAL_H2B_2022_009,SPEAKER_00,26,19,215,6.656,6.567,3.127,6.0,-0.2308,32.195,3.7,35.895,7,430.0,528.571,273.779,6.064,3.26,6.678,5.99,1.911,1.911,0.0,90.346
VAL_H2B_2022_009,SPEAKER_01,207,20,2908,6.931,6.61,2.458,11.0,0.0155,454.807,158.977,613.784,187,760.0,850.144,566.485,6.633,6.43,6.394,4.738,5.097,5.71,3.598,76.694
VAL_H2B_2023_00255,SPEAKER_00,28,13,256,5.46,5.538,1.904,7.0,-0.1626,45.318,9.276,54.594,15,510.0,618.4,391.83,6.234,5.86,5.649,4.689,4.131,4.28,1.992,91.252
VAL_H2B_2023_00255,SPEAKER_01,162,14,1536,6.309,6.211,2.3,7.0,-0.0072,244.982,125.415,370.397,148,693.5,847.398,550.505,6.542,9.64,6.27,4.147,3.497,4.099,2.528,87.94
VAL_H2B_2023_00391,SPEAKER_00,153,9,1867,6.383,6.294,1.688,11.0,-0.0248,298.847,86.082,384.929,144,460.5,597.792,429.379,6.132,7.71,6.247,4.85,4.989,5.486,2.403,89.007
VAL_H2B_2023_00391,SPEAKER_01,36,8,441,5.578,5.598,1.515,11.5,-0.1373,79.632,13.211,92.843,28,385.0,471.821,211.668,5.953,6.35,5.538,4.75,4.526,4.853,1.539,94.718
VAL_H2B_2025_00623,SPEAKER_00,5,2,24,2.381,3.78,2.096,4.0,0.5,7.734,1.56,9.294,3,380.0,520.0,226.863,5.94,12.5,3.103,2.582,4.975,4.951,0.241,92.864
VAL_H2B_2025_00623,SPEAKER_01,169,3,2045,6.733,6.705,2.184,10.0,-0.0083,303.68,153.673,457.353,166,696.0,925.741,778.568,6.545,8.12,6.734,4.471,7.986,7.833,4.009,89.786
VAL_H2B_2025_00683,SPEAKER_00,137,19,1909,6.878,6.74,1.637,13.0,0.0037,285.464,94.988,380.452,118,615.0,804.983,569.4,6.422,6.18,6.687,5.018,4.912,5.068,2.065,84.992
VAL_H2B_2025_00683,SPEAKER_01,40,18,579,6.7,6.74,2.287,13.0,0.1083,86.619,24.316,110.935,22,1020.5,1105.273,706.689,6.928,3.8,6.684,5.219,3.542,3.491,1.318,80.877
VAL_H2B_2026_00626,SPEAKER_00,134,15,2084,5.583,5.598,2.154,13.0,0.0141,377.457,96.552,474.009,119,680.0,811.362,765.628,6.522,5.71,5.521,4.397,2.778,3.049,3.138,77.618
VAL_H2B_2026_00626,SPEAKER_01,17,14,242,6.339,6.322,0.796,13.0,-0.5417,38.868,3.243,42.111,3,783.0,1081.0,647.613,6.663,1.24,6.226,5.747,5.691,7.638,3.539,94.658
VAL_H2M_2020_00119,SPEAKER_00,6,6,95,5.71,5.68,1.464,16.5,-0.3143,16.681,0.0,16.681,0,,,,,0.0,5.695,5.695,4.193,4.193,1.149,80.215
VAL_H2M_2020_00119,SPEAKER_01,197,7,1852,5.983,5.847,1.72,9.0,-0.0019,318.519,146.066,464.585,190,670.0,768.768,438.229,6.507,10.26,5.814,3.986,4.463,4.523,2.2,78.529
VAL_H2M_2021_0025,SPEAKER_00,107,7,1820,6.923,7.052,1.771,16.0,0.0278,258.815,89.37,348.185,100,736.0,893.7,588.429,6.601,5.49,7.032,5.227,4.316,4.403,1.157,88.913
VAL_H2M_2021_0025,SPEAKER_01,18,6,209,6.782,7.557,3.569,11.0,0.3333,33.666,10.268,43.934,12,755.5,855.667,482.723,6.627,5.74,6.208,4.757,3.22,3.472,2.221,93.52
VAL_H2M_2021_0026,SPEAKER_00,47,12,378,5.282,5.144,1.675,8.0,-0.1177,72.965,25.666,98.631,35,500.0,733.314,666.106,6.215,9.26,5.181,3.832,4.202,4.312,0.993,85.1
VAL_H2M_2021_0026,SPEAKER_01,123,13,1737,6.557,6.381,2.115,12.0,0.0316,274.099,94.198,368.297,110,720.0,856.345,527.74,6.579,6.33,6.337,4.716,4.32,4.469,1.575,83.392
VAL_H2M_2021_0028,SPEAKER_00,45,22,390,7.512,7.298,2.942,8.0,-0.0113,54.086,24.083,78.169,23,730.0,1047.087,660.074,6.593,5.9,7.211,4.989,2.856,3.172,1.216,94.647
VAL_H2M_2021_0028,SPEAKER_01,139,23,1513,6.275,6.225,2.239,9.0,0.0112,251.592,96.654,348.246,116,630.0,833.224,611.884,6.446,7.67,6.014,4.345,4.964,5.303,2.609,79.971
VAL_H2M_2021_0030,SPEAKER_00,25,15,319,7.0,6.823,2.091,8.0,-0.5431,47.8,6.442,54.242,10,515.0,644.2,382.069,6.244,3.13,6.674,5.881,5.863,5.577,1.583,92.666
VAL_H2M_2021_0030,SPEAKER_01,153,16,1945,6.0,6.108,2.354,11.0,0.0122,321.44,113.512,434.952,137,690.0,828.555,491.927,6.537,7.04,6.051,4.472,4.413,4.607,1.816,82.574
VAL_H2M_2023_00268,SPEAKER_00,109,6,1567,5.259,5.36,1.7,12.0,-0.0273,300.411,71.245,371.656,103,590.0,691.699,427.38,6.38,6.57,5.216,4.216,4.823,5.245,2.086,80.196
VAL_H2M_2023_00268,SPEAKER_01,27,6,561,5.852,6.113,1.392,19.0,0.7906,96.213,9.228,105.441,21,400.0,439.429,177.298,5.991,3.74,5.831,5.321,3.903,3.852,1.126,92.124
VAL_H2M_2023_00275,SPEAKER_00,38,16,428,6.797,6.771,2.146,9.0,-0.2134,66.254,15.541,81.795,22,510.5,706.409,438.428,6.235,5.14,6.46,5.233,5.511,5.154,1.926,96.308
VAL_H2M_2023_00275,SPEAKER_01,208,17,2433,6.399,6.399,1.897,9.0,-0.0023,380.878,121.5,502.378,191,565.0,636.126,326.063,6.337,7.85,6.388,4.843,6.082,6.396,2.563,94.47
VAL_H2M_2024_00464,SPEAKER_00,13,5,99,4.375,4.644,1.919,8.0,-0.3462,20.772,8.13,28.902,8,815.0,1016.25,440.282,6.703,8.08,4.766,3.425,3.05,3.126,1.352,90.754
VAL_H2M_2024_00464,SPEAKER_01,177,6,1732,5.152,5.192,1.885,8.0,-0.0079,349.132,181.233,530.365,171,770.0,1059.842,907.947,6.646,9.87,4.961,3.266,5.822,5.667,2.194,81.444
VAL_H2M_2026_00625,SPEAKER_00,44,29,495,5.223,5.199,1.288,9.5,-0.0301,96.4,17.526,113.926,15,520.0,1168.4,1106.598,6.254,3.03,5.135,4.345,4.953,5.123,2.249,90.682
VAL_H2M_2026_00625,SPEAKER_01,147,30,1417,5.731,5.643,2.095,8.0,-0.0209,263.654,134.061,397.715,117,900.0,1145.82,881.388,6.802,8.26,5.374,3.563,2.827,2.858,1.152,83.542
VAL_H2M_2026_00628,SPEAKER_00,142,22,1647,5.463,5.411,1.945,10.0,0.0069,312.496,104.523,417.019,120,696.5,871.025,599.538,6.546,7.29,5.27,3.949,4.479,4.733,1.975,81.033
VAL_H2M_2026_00628,SPEAKER_01,29,21,341,6.122,6.397,2.77,8.0,-0.2433,58.666,7.328,65.994,8,735.0,916.0,673.24,6.6,2.35,5.813,5.167,5.978,5.674,1.68,86.735
VAL_H3A_1999_00226,SPEAKER_00,14,2,209,6.226,6.523,1.959,14.5,-1.6418,33.671,10.253,43.924,12,727.5,854.417,525.797,6.59,5.74,6.207,4.758,7.528,7.565,1.589,81.718
VAL_H3A_1999_00226,SPEAKER_01,177,3,2341,6.133,6.011,1.86,10.0,0.036,376.704,112.837,489.541,174,570.0,648.489,329.682,6.346,7.43,6.214,4.782,7.014,7.234,2.501,83.598
VAL_H3A_1999_00231,SPEAKER_00,132,5,1489,5.634,5.578,1.815,9.0,-0.0417,270.269,112.427,382.696,127,510.0,885.251,2554.274,6.234,8.53,5.509,3.891,3.609,3.966,1.945,80.694
VAL_H3A_1999_00231,SPEAKER_01,20,5,263,5.827,6.406,2.883,11.5,0.4895,48.908,10.293,59.201,15,550.0,686.2,336.504,6.31,5.7,5.377,4.442,5.667,5.273,2.278,80.516
VAL_H3A_2000_00235,SPEAKER_00,29,19,412,5.931,6.551,2.205,14.0,0.0828,69.269,8.079,77.348,10,595.5,807.9,524.421,6.389,2.43,5.948,5.327,5.788,6.296,1.735,82.191
VAL_H3A_2000_00235,SPEAKER_01,124,20,1526,7.419,7.33,2.518,9.0,-0.01,220.049,82.143,302.192,104,675.0,789.837,497.737,6.515,6.82,6.935,5.05,3.191,3.298,1.152,85.257
VAL_H3A_2000_00237,SPEAKER_00,174,4,2063,5.44,5.5,2.155,10.0,0.0098,373.835,120.251,494.086,170,571.0,707.359,474.409,6.347,8.24,5.518,4.175,3.462,3.602,1.636,79.969
VAL_H3A_2000_00237,SPEAKER_01,5,3,66,5.525,6.222,1.556,13.0,3.2,11.813,1.264,13.077,2,632.0,632.0,252.0,6.449,3.03,5.587,5.047,5.758,5.758,0.035,82.611
VAL_H3A_2019_00204,SPEAKER_00,15,11,181,6.45,6.547,0.918,12.0,-0.0071,28.192,2.04,30.232,4,380.0,510.0,282.754,5.94,2.21,6.42,5.987,6.606,6.462,1.319,95.477
VAL_H3A_2019_00204,SPEAKER_01,132,12,1517,5.014,5.254,1.957,9.5,-0.0017,311.307,105.643,416.95,120,760.0,880.359,643.951,6.633,7.91,4.873,3.638,6.853,7.086,3.124,85.519
VAL_H3A_2020_00174,SPEAKER_00,192,13,2348,7.42,7.376,2.339,10.0,-0.0088,326.011,132.822,458.833,179,611.0,742.022,446.366,6.415,7.62,7.202,5.117,5.209,5.596,2.551,81.32
VAL_H3A_2020_00174,SPEAKER_01,38,13,366,7.015,6.499,2.339,7.5,0.0387,53.346,19.013,72.359,25,640.0,760.52,440.649,6.461,6.83,6.861,5.058,3.521,3.293,0.92,95.971
VAL_H3A_2022_0082,SPEAKER_00,15,11,167,8.646,8.638,3.063,9.0,0.3107,23.787,2.521,26.308,4,490.5,630.25,300.774,6.195,2.4,7.021,6.348,4.935,4.872,1.351,89.887
VAL_H3A_2022_0082,SPEAKER_01,259,12,2795,6.293,6.345,2.04,9.0,-0.0062,456.468,156.747,613.215,247,530.0,634.604,386.663,6.273,8.84,6.123,4.558,5.268,5.416,1.945,82.086
VAL_H3A_2023_00260,SPEAKER_00,22,11,277,6.061,5.901,1.009,11.5,0.057,46.919,5.769,52.688,11,490.0,524.455,274.731,6.194,3.97,5.904,5.257,4.826,4.872,1.623,92.189
VAL_H3A_2023_00260,SPEAKER_01,143,11,1102,5.383,5.773,2.675,6.0,0.0049,216.682,173.977,390.659,132,770.0,1318.008,2672.397,6.646,11.98,5.086,2.821,4.062,4.215,2.121,81.257
VAL_H3A_2023_00280,SPEAKER_00,41,15,434,5.762,6.021,2.351,8.0,0.0718,72.42,18.162,90.582,26,480.0,698.535,504.443,6.174,5.99,5.993,4.791,6.577,6.544,1.913,94.279
VAL_H3A_2023_00280,SPEAKER_01,154,16,1642,5.84,5.842,2.042,8.0,0.0422,278.301,89.609,367.91,138,551.0,649.341,407.997,6.312,8.4,5.9,4.463,6.469,6.937,2.954,90.832
VAL_H3A_2026_00645,SPEAKER_00,226,11,1898,5.982,6.006,1.936,7.0,0.0062,324.412,268.377,592.789,215,1020.0,1248.265,941.944,6.928,11.33,5.851,3.202,4.513,4.666,1.924,85.228
VAL_H3A_2026_00645,SPEAKER_01,18,10,233,6.163,6.303,1.932,12.0,0.4221,39.074,7.39,46.464,8,585.0,923.75,669.999,6.372,3.43,5.963,5.015,4.578,4.262,1.306,87.457
VAL_H3A_2026_00645,UNKNOWN,1,1,1,10.0,10.0,0.0,1.0,,0.1,0.0,0.1,0,,,,,0.0,10.0,10.0,,,,
VAL_H3B_2020_00130,SPEAKER_00,14,6,183,5.263,5.571,0.923,10.0,0.3802,33.331,4.72,38.051,8,525.0,590.0,273.496,6.263,4.37,5.49,4.809,3.193,3.342,1.314,89.304
VAL_H3B_2020_00130,SPEAKER_01,143,7,1478,5.263,5.059,1.694,9.0,0.008,297.719,129.177,426.896,136,870.0,949.831,531.349,6.768,9.2,4.964,3.462,4.355,4.83,2.258,84.476
VAL_H3B_2021_0063,SPEAKER_00,198,12,1401,4.878,5.037,2.476,5.0,0.0229,293.944,219.494,513.438,186,875.0,1180.075,1046.157,6.774,13.28,4.766,2.729,3.492,3.779,1.698,89.634
VAL_H3B_2021_0063,SPEAKER_01,18,11,153,6.091,5.767,1.689,8.0,-0.1146,28.902,5.851,34.753,7,630.0,835.857,554.747,6.446,4.58,5.294,4.402,4.461,4.876,1.55,92.767
VAL_H3B_2022_0076,SPEAKER_00,35,19,374,5.842,5.643,1.284,11.0,-0.0871,65.748,13.289,79.037,16,880.5,830.562,334.7,6.78,4.28,5.688,4.732,3.395,3.527,1.14,92.898
VAL_H3B_2022_0076,SPEAKER_01,179,20,1712,5.308,5.509,2.025,8.0,0.0168,306.461,123.489,429.95,159,640.0,776.66,538.575,6.461,9.29,5.586,3.982,3.915,4.419,2.553,79.648
VAL_H3B_2022_0090,SPEAKER_00,64,16,481,5.311,5.084,1.432,7.0,0.0633,92.283,68.826,161.109,48,1055.5,1433.875,1119.999,6.962,9.98,5.212,2.986,4.023,4.878,2.368,97.931
VAL_H3B_2022_0090,SPEAKER_01,56,16,427,4.335,4.422,1.232,6.5,0.0387,95.962,68.771,164.733,40,1400.0,1719.275,1230.822,7.244,9.37,4.45,2.592,4.547,5.738,3.005,92.768
VAL_H3B_2022_0094,SPEAKER_00,23,15,324,6.248,6.761,1.556,14.0,-0.086,50.494,8.52,59.014,8,900.0,1065.0,685.474,6.802,2.47,6.417,5.49,3.888,4.045,1.612,81.844
VAL_H3B_2022_0094,SPEAKER_01,184,16,1489,5.813,5.942,2.164,7.0,-0.0032,254.264,196.395,450.659,168,905.0,1169.018,834.464,6.808,11.28,5.856,3.304,4.938,5.204,2.016,82.965
VAL_H3B_2023_0010,SPEAKER_00,13,5,151,5.573,5.404,1.719,9.0,0.5549,30.354,3.005,33.359,8,390.0,375.625,79.875,5.966,5.3,4.975,4.527,2.749,2.601,0.625,92.294
VAL_H3B_2023_0010,SPEAKER_01,149,6,1712,6.592,6.469,2.25,9.0,-0.0031,271.879,221.443,493.322,143,791.0,1548.553,2698.466,6.673,8.35,6.297,3.47,6.584,6.547,2.29,86.476
VAL_H3B_2023_00296,SPEAKER_00,167,16,2200,5.99,5.98,1.856,12.0,-0.0321,372.465,95.145,467.61,151,500.0,630.099,494.849,6.215,6.86,5.907,4.705,4.367,4.66,1.51,85.49
VAL_H3B_2023_00296,SPEAKER_01,22,16,290,6.561,6.546,1.539,11.5,0.0587,47.131,3.241,50.372,6,390.0,540.167,360.675,5.966,2.07,6.153,5.757,5.807,5.807,2.965,91.185
VAL_H3B_2026_00637,SPEAKER_00,191,14,2297,6.25,6.164,1.78,9.0,-0.0012,371.052,147.935,518.987,177,520.9,835.792,784.311,6.256,7.71,6.191,4.426,6.418,6.583,2.31,89.031
VAL_H3B_2026_00637,SPEAKER_01,17,13,120,5.54,6.367,1.987,6.0,0.2672,20.134,5.453,25.587,4,825.0,1363.25,1285.751,6.715,3.33,5.96,4.69,2.532,3.101,1.609,90.263
VAL_H3B_2026_00638,SPEAKER_00,222,11,2163,6.734,6.545,1.991,8.0,-0.0029,337.348,180.696,518.044,211,650.0,856.379,659.399,6.477,9.75,6.412,4.175,4.903,5.313,2.746,82.445
VAL_H3B_2026_00638,SPEAKER_01,53,10,572,5.882,6.355,1.709,9.0,0.0618,93.431,28.715,122.146,43,520.0,667.791,429.405,6.254,7.52,6.122,4.683,4.06,4.281,1.404,82.235
VAL_H3B_2026_00641,SPEAKER_00,195,8,1515,4.865,5.008,2.153,6.0,-0.0055,292.928,184.191,477.119,187,700.0,984.979,807.636,6.551,12.34,5.172,3.175,3.699,3.711,1.563,78.292
VAL_H3B_2026_00641,SPEAKER_01,23,7,274,6.344,5.881,1.837,9.0,0.7055,47.587,14.409,61.996,16,705.0,900.562,681.07,6.558,5.84,5.758,4.42,3.411,3.914,1.765,91.623
VAL_H3M_2019_00209,SPEAKER_00,1,1,50,5.373,5.373,0.0,50.0,,9.305,0.0,9.305,0,,,,,0.0,5.373,5.373,,,,
VAL_H3M_2019_00209,SPEAKER_01,195,2,1967,5.263,5.515,2.4,8.0,-0.0222,350.469,167.383,517.852,193,700.0,867.27,690.138,6.551,9.81,5.612,3.798,4.654,4.984,2.07,82.954
VAL_H3M_2020_0011,SPEAKER_00,12,10,166,7.766,7.709,3.93,12.5,1.7692,27.405,1.811,29.216,2,905.5,905.5,94.5,6.808,1.2,6.057,5.682,,,,
VAL_H3M_2020_0011,SPEAKER_01,185,11,1748,5.926,5.842,1.843,8.0,-0.0167,305.997,126.855,432.852,174,660.0,729.051,398.275,6.492,9.95,5.712,4.038,3.998,3.992,1.401,80.332
VAL_H3M_2023_00269,SPEAKER_00,283,3,1975,5.512,5.408,2.312,7.0,-0.0034,373.27,208.022,581.292,280,602.5,742.936,528.376,6.401,14.18,5.291,3.398,5.288,6.16,3.774,93.571
VAL_H3M_2023_00269,SPEAKER_01,2,2,20,5.204,5.204,1.118,10.0,,3.942,0.0,3.942,0,,,,,0.0,5.074,5.074,10.001,10.001,0.0,84.951
VAL_H3M_2023_00286,SPEAKER_00,208,11,1698,5.46,5.508,1.779,7.0,-0.009,314.623,216.662,531.285,197,940.0,1099.808,768.879,6.846,11.6,5.397,3.196,5.239,5.491,2.49,85.067
VAL_H3M_2023_00286,SPEAKER_01,17,10,149,5.858,6.932,3.169,7.0,0.3995,23.953,11.573,35.526,7,1150.0,1653.286,1301.266,7.048,4.7,6.221,4.194,,,,
VAL_H3M_2023_00293,SPEAKER_00,11,9,192,5.957,5.664,1.101,18.0,0.6364,33.697,1.513,35.21,2,756.5,756.5,243.5,6.629,1.04,5.698,5.453,4.176,4.474,1.011,81.797
VAL_H3M_2023_00293,SPEAKER_01,118,10,1654,4.376,4.729,1.772,14.0,0.0299,359.017,83.681,442.698,108,635.0,774.825,487.06,6.454,6.53,4.607,3.736,4.879,4.839,2.018,86.047
VAL_H3M_2023_00337,SPEAKER_00,166,15,1944,6.061,6.162,1.944,8.0,-0.0065,328.621,105.35,433.971,151,600.0,697.683,417.869,6.397,7.77,5.916,4.48,4.167,4.82,2.85,84.586
VAL_H3M_2023_00337,SPEAKER_01,22,14,198,5.885,6.918,3.12,7.0,0.0452,34.698,4.626,39.324,8,505.0,578.25,250.23,6.225,4.04,5.706,5.035,11.541,11.541,0.0,89.617
VAL_H3M_2023_00404,SPEAKER_00,184,15,1788,6.25,6.129,1.84,8.0,-0.0009,292.916,133.471,426.387,169,620.0,789.769,560.778,6.43,9.45,6.104,4.193,5.263,5.711,2.264,85.887
VAL_H3M_2023_00404,SPEAKER_01,42,14,220,5.133,5.845,3.651,3.0,-0.0797,50.917,36.744,87.661,28,727.5,1312.286,1773.319,6.59,12.73,4.321,2.51,3.816,4.035,1.627,94.272
VAL_H3M_2023_00404,UNKNOWN,1,1,1,8.333,8.333,0.0,1.0,,0.12,0.0,0.12,0,,,,,0.0,8.333,8.333,0.545,0.545,0.0,88.153
VAL_H3M_2024_00465,SPEAKER_00,14,9,191,6.012,5.832,1.224,15.0,0.3275,32.507,4.64,37.147,5,810.0,928.0,739.281,6.697,2.62,5.876,5.142,2.936,2.745,0.382,91.637
VAL_H3M_2024_00465,SPEAKER_01,153,10,2039,5.505,5.544,2.187,10.0,0.0028,371.738,106.195,477.933,143,630.0,742.622,433.923,6.446,7.01,5.485,4.266,3.404,3.828,2.558,81.043
VAL_H3M_2025_00660,SPEAKER_00,28,21,355,7.499,7.06,2.166,11.5,0.2723,47.966,4.131,52.097,7,590.0,590.143,349.808,6.38,1.97,7.401,6.814,3.404,3.34,1.35,92.757
VAL_H3M_2025_00660,SPEAKER_01,109,22,2100,5.684,5.689,1.851,16.0,-0.0048,379.186,52.278,431.464,87,580.0,600.895,322.087,6.363,4.14,5.538,4.867,4.048,4.194,1.499,85.553
VAL_H3M_2026_00636,SPEAKER_00,13,4,232,4.898,4.459,1.39,18.0,0.6154,51.065,9.059,60.124,9,850.0,1006.556,584.701,6.745,3.88,4.543,3.859,5.891,5.478,1.188,88.739
VAL_H3M_2026_00636,SPEAKER_01,164,5,1782,4.639,4.697,1.516,9.0,-0.0009,396.362,113.318,509.68,159,560.0,712.692,474.112,6.328,8.92,4.496,3.496,6.054,6.137,2.077,85.823
VAL_M1A_2019_0012,SPEAKER_00,58,21,841,6.769,6.68,1.997,12.0,0.0821,129.746,31.055,160.801,37,747.0,839.324,580.083,6.616,4.4,6.482,5.23,3.796,3.949,1.55,96.638
VAL_M1A_2019_0012,SPEAKER_01,82,20,1295,6.431,6.342,1.789,12.0,0.0736,201.914,44.391,246.305,62,615.0,715.984,420.719,6.422,4.79,6.414,5.258,3.986,4.264,2.163,94.165
VAL_M1A_2020_0013,SPEAKER_00,89,20,1236,6.25,6.287,2.213,11.0,-0.0206,198.315,39.003,237.318,69,451.0,565.261,358.288,6.111,5.58,6.233,5.208,3.907,4.848,3.903,79.717
VAL_M1A_2020_0013,SPEAKER_01,93,20,1337,7.143,7.326,2.234,13.0,-0.0226,199.147,38.691,237.838,73,428.0,530.014,317.635,6.059,5.46,6.714,5.621,4.727,5.356,2.835,93.98
VAL_M1A_2021_0020,SPEAKER_00,174,4,1556,5.367,5.319,1.835,7.0,0.0013,288.534,179.508,468.043,170,790.0,1055.929,819.792,6.672,10.93,5.393,3.324,2.028,2.958,2.803,92.223
VAL_M1A_2021_0020,SPEAKER_01,4,3,25,6.212,5.804,1.317,4.0,-4.7,4.02,1.73,5.75,1,1730.0,1730.0,0.0,7.456,4.0,6.219,4.348,4.101,4.101,0.999,91.865
VAL_M1A_2021_0022,SPEAKER_00,164,14,2021,6.25,6.03,1.713,11.0,-0.0111,315.781,112.409,428.19,150,660.0,749.393,402.014,6.492,7.42,6.4,4.72,3.364,3.74,2.241,91.399
VAL_M1A_2021_0022,SPEAKER_01,33,13,260,4.098,4.463,1.489,7.0,-0.0311,62.668,15.522,78.19,20,700.5,776.1,602.628,6.552,7.69,4.149,3.325,2.747,2.843,1.161,91.282
VAL_M1A_2021_0023,SPEAKER_00,125,7,1952,5.963,6.085,2.126,13.0,-0.0459,330.995,93.306,424.301,118,631.5,790.728,957.931,6.448,6.05,5.897,4.601,4.786,5.58,2.988,90.919
VAL_M1A_2021_0023,SPEAKER_01,36,6,439,5.774,6.13,2.368,8.0,-0.0802,75.299,19.166,94.465,30,495.0,638.867,518.517,6.205,6.83,5.83,4.647,4.241,5.299,2.772,91.65
VAL_M1A_2021_0035,SPEAKER_00,81,31,1228,6.642,6.708,1.582,14.0,-0.036,181.735,48.933,230.668,50,817.0,978.66,754.133,6.706,4.07,6.757,5.324,4.16,4.501,2.336,93.969
VAL_M1A_2021_0035,SPEAKER_01,94,32,1132,5.984,6.029,2.195,9.0,0.0024,195.091,44.177,239.268,62,555.0,712.532,488.568,6.319,5.48,5.802,4.731,3.192,3.79,2.935,92.498
VAL_M1A_2023_00318,SPEAKER_00,135,7,2078,6.0,5.943,1.802,13.0,-0.0584,347.671,96.039,443.71,128,405.0,750.304,996.409,6.004,6.16,5.977,4.683,3.325,3.854,2.365,91.668
VAL_M1A_2023_00318,SPEAKER_01,16,7,172,5.995,6.01,0.934,10.5,-0.4912,29.266,3.879,33.145,9,410.0,431.0,149.99,6.016,5.23,5.877,5.189,6.005,7.819,4.166,92.684
VAL_M1A_2023_00319,SPEAKER_00,62,7,1049,6.572,6.38,2.125,14.5,0.0798,155.782,28.238,184.02,55,470.0,513.418,243.192,6.153,5.24,6.734,5.7,4.035,4.346,1.463,93.246
VAL_M1A_2023_00319,SPEAKER_01,21,6,153,5.128,4.977,1.932,6.0,-0.226,29.164,9.493,38.657,15,480.0,632.867,401.939,6.174,9.8,5.246,3.958,4.814,5.41,2.535,93.001
VAL_M1A_2026_00629,SPEAKER_00,2,2,38,8.27,8.27,0.413,19.0,,4.51,0.0,4.51,0,,,,,0.0,8.426,8.426,,,,
VAL_M1A_2026_00629,SPEAKER_01,235,4,2539,6.667,6.509,1.887,9.0,-0.0013,387.355,160.251,547.606,231,570.0,693.727,431.469,6.346,9.1,6.555,4.637,3.868,4.087,1.968,90.417
VAL_M1A_2026_00629,UNKNOWN,1,1,2,16.667,16.667,0.0,2.0,,0.12,0.0,0.12,0,,,,,0.0,16.667,16.667,,,,
VAL_M1A_2026_00632,SPEAKER_00,11,5,181,6.499,6.205,1.082,13.0,-0.0182,29.752,4.534,34.286,6,436.0,755.667,598.533,6.078,3.31,6.084,5.279,4.654,4.629,1.056,91.435
VAL_M1A_2026_00632,SPEAKER_01,160,6,1989,4.986,4.908,1.783,9.0,0.0052,376.92,174.844,551.764,154,660.0,1135.351,2640.054,6.492,7.74,5.277,3.605,2.837,2.985,1.146,92.812
VAL_M1B_2001_00575,SPEAKER_00,85,12,1553,7.065,7.304,2.13,14.0,-0.0362,216.202,37.208,253.41,73,425.0,509.699,301.539,6.052,4.7,7.183,6.128,7.814,8.315,4.039,90.31
VAL_M1B_2001_00575,SPEAKER_01,18,11,219,6.458,6.086,1.454,10.0,1.1713,37.765,4.558,42.323,7,461.0,651.143,395.796,6.133,3.2,5.799,5.174,8.745,11.813,7.489,85.138
VAL_M1B_2001_00586,SPEAKER_00,135,29,1434,6.209,6.123,2.047,9.0,-0.023,238.506,67.744,306.25,106,522.0,639.094,426.482,6.258,7.39,6.012,4.682,5.247,5.815,2.945,91.053
VAL_M1B_2001_00586,SPEAKER_01,39,28,494,6.818,6.734,1.806,12.0,-0.0611,74.071,6.351,80.422,11,680.0,577.364,182.329,6.522,2.23,6.669,6.143,6.644,7.448,2.646,81.483
VAL_M1B_2006_00596,SPEAKER_00,13,7,147,5.763,6.105,1.288,11.0,0.0934,25.809,3.403,29.212,6,605.0,567.167,210.371,6.405,4.08,5.696,5.032,5.196,5.855,2.145,80.715
VAL_M1B_2006_00596,SPEAKER_01,121,8,1681,5.714,5.509,1.685,11.0,-0.027,295.637,73.527,369.164,113,550.0,650.681,369.121,6.31,6.72,5.686,4.554,4.822,5.184,2.243,90.251
VAL_M1B_2020_00166,SPEAKER_00,19,9,204,6.601,6.593,1.685,8.0,-0.3193,31.342,10.956,42.298,10,905.0,1095.6,635.332,6.808,4.9,6.509,4.823,3.738,3.526,0.778,93.287
VAL_M1B_2020_00166,SPEAKER_01,176,10,2111,6.833,6.948,1.871,10.0,0.0115,311.458,146.722,458.18,166,690.5,883.867,621.142,6.537,7.86,6.778,4.607,4.497,4.812,1.754,94.397
VAL_M1B_2022_00105,SPEAKER_00,138,20,1629,6.515,6.435,2.228,9.0,-0.0036,254.73,74.52,329.25,118,551.0,631.525,357.299,6.312,7.24,6.395,4.948,3.745,3.847,1.597,89.823
VAL_M1B_2022_00105,SPEAKER_01,67,19,749,7.463,7.629,2.745,9.0,-0.0666,102.011,33.134,135.145,48,595.0,690.292,428.387,6.389,6.41,7.342,5.542,4.587,5.053,3.431,86.306
VAL_M1B_2022_0014,SPEAKER_00,24,9,198,5.719,5.923,2.357,6.0,0.1235,31.761,19.292,51.053,15,931.0,1286.133,1055.208,6.836,7.58,6.234,3.878,4.836,4.661,1.478,89.662
VAL_M1B_2022_0014,SPEAKER_01,234,11,3191,7.09,6.798,2.05,11.0,0.0027,467.395,163.63,631.025,223,620.0,733.767,454.872,6.43,6.99,6.827,5.057,5.021,5.371,2.217,91.053
VAL_M1B_2022_0014,UNKNOWN,1,1,3,13.636,13.636,0.0,3.0,,0.22,0.0,0.22,0,,,,,0.0,13.636,13.636,,,,
VAL_M1B_2022_0095,SPEAKER_00,90,9,1726,6.06,5.929,1.396,13.0,0.0452,284.939,49.416,334.355,81,540.0,610.073,289.326,6.292,4.69,6.057,5.162,3.75,3.839,1.578,92.481
VAL_M1B_2022_0095,SPEAKER_01,40,8,484,5.783,5.634,1.963,9.0,-0.1244,80.307,22.034,102.341,32,440.0,688.562,519.79,6.087,6.61,6.027,4.729,3.55,3.9,2.035,93.686
VAL_M1B_2023_00257,SPEAKER_00,63,11,481,5.625,5.399,2.134,5.0,-0.0493,90.487,35.582,126.069,52,460.0,684.269,499.413,6.131,10.81,5.316,3.815,4.319,5.335,3.086,94.355
VAL_M1B_2023_00257,SPEAKER_01,161,11,1366,5.405,5.295,1.941,7.0,0.0113,257.621,163.321,420.942,150,850.0,1088.807,846.332,6.745,10.98,5.302,3.245,5.401,6.586,3.993,93.699
VAL_M1B_2025_00647,SPEAKER_00,218,6,1762,4.936,5.025,1.998,6.5,0.0031,344.769,165.067,509.836,212,616.0,778.618,568.724,6.423,12.03,5.111,3.456,4.097,4.359,1.822,90.944
VAL_M1B_2025_00647,SPEAKER_01,10,5,213,7.399,7.06,1.267,20.0,0.9152,30.118,2.666,32.784,5,420.0,533.2,277.671,6.04,2.35,7.072,6.497,4.787,4.641,1.826,88.356
VAL_M1B_2026_00633,SPEAKER_00,157,7,2277,6.658,6.455,1.985,11.0,-0.0044,346.122,124.715,470.837,150,738.5,831.433,543.17,6.605,6.59,6.579,4.836,2.609,2.875,1.648,90.261
VAL_M1B_2026_00633,SPEAKER_01,22,6,215,6.118,6.028,1.675,9.5,-0.2761,36.03,14.759,50.789,16,760.0,922.438,698.578,6.633,7.44,5.967,4.233,2.513,2.898,1.47,90.45
VAL_M1M_2019_0018,SPEAKER_00,164,7,1721,5.107,5.046,1.82,9.0,0.0171,339.753,91.928,431.681,157,480.0,585.529,376.446,6.174,9.12,5.065,3.987,6.62,6.638,2.538,89.595
VAL_M1M_2019_0018,SPEAKER_01,15,7,202,5.579,5.407,1.107,13.0,0.4964,37.952,5.442,43.394,8,620.0,680.25,328.208,6.43,3.96,5.323,4.655,4.851,5.006,1.36,91.478
VAL_M1M_2019_00201,SPEAKER_00,29,9,434,5.851,5.848,1.482,12.0,-0.0315,73.811,16.4,90.211,20,740.0,820.0,488.719,6.607,4.61,5.88,4.811,3.493,3.223,1.615,90.418
VAL_M1M_2019_00201,SPEAKER_01,127,9,1690,6.25,6.19,2.015,11.0,-0.0073,283.035,109.22,392.255,118,720.0,925.593,780.963,6.579,6.98,5.971,4.308,2.93,3.368,2.039,90.092
VAL_M1M_2020_00131,SPEAKER_00,105,12,1188,5.719,5.356,1.909,8.0,-0.0353,208.058,87.32,295.378,93,790.0,938.925,659.978,6.672,7.83,5.71,4.022,4.076,4.214,1.548,91.124
VAL_M1M_2020_00131,SPEAKER_01,14,11,274,7.136,7.263,0.861,17.0,0.9231,39.021,1.32,40.341,3,460.0,440.0,82.865,6.131,1.09,7.022,6.792,5.669,5.669,0.408,95.722
VAL_M1M_2020_00154,SPEAKER_00,219,8,1503,5.556,5.611,2.715,5.0,0.0006,272.251,216.333,488.584,211,860.0,1025.276,737.568,6.757,14.04,5.521,3.076,3.925,5.018,3.736,91.817
VAL_M1M_2020_00154,SPEAKER_01,17,7,176,6.25,5.724,2.559,11.0,-0.0049,32.404,9.754,42.158,10,857.5,975.4,708.255,6.754,5.68,5.431,4.175,3.57,3.57,0.0,93.828
VAL_M1M_2020_00167,SPEAKER_00,118,9,2125,6.663,6.539,1.532,16.0,0.0832,318.811,68.274,387.085,109,580.0,626.368,325.94,6.363,5.13,6.665,5.49,3.805,4.485,2.343,93.031
VAL_M1M_2020_00167,SPEAKER_01,14,8,255,7.131,6.987,2.426,19.0,0.2,37.633,3.879,41.512,6,610.0,646.5,282.721,6.413,2.35,6.776,6.143,6.544,5.796,2.521,93.651
VAL_M1M_2020_00173,SPEAKER_00,149,8,2644,7.747,7.741,2.416,12.0,-0.0007,346.293,91.105,437.398,141,560.0,646.135,364.359,6.328,5.33,7.635,6.045,5.253,5.407,2.052,94.675
VAL_M1M_2020_00173,SPEAKER_01,15,7,155,5.556,5.412,1.863,10.0,0.9643,28.155,7.94,36.095,8,880.5,992.5,506.426,6.78,5.16,5.505,4.294,5.537,5.489,1.672,94.225
VAL_M1M_2021_0047,SPEAKER_00,33,3,232,5.556,6.11,3.07,3.0,0.3269,39.799,37.687,77.486,30,870.0,1256.233,1427.093,6.768,12.93,5.829,2.994,15.814,13.577,5.383,86.6
VAL_M1M_2021_0047,SPEAKER_01,169,4,1624,5.882,6.14,2.249,8.0,0.0101,266.098,125.439,391.537,165,570.0,760.236,529.271,6.346,10.16,6.103,4.148,13.459,10.678,6.154,85.797
VAL_M1M_2021_0057,SPEAKER_00,142,13,1876,5.659,5.65,2.069,11.0,-0.0234,328.818,82.008,410.826,129,520.0,635.721,417.027,6.254,6.88,5.705,4.566,5.323,5.341,2.107,93.397
VAL_M1M_2021_0057,SPEAKER_01,43,13,410,5.658,5.777,1.729,6.0,-0.1312,68.807,17.36,86.167,30,475.0,578.667,334.077,6.163,7.32,5.959,4.758,2.896,3.541,1.987,94.166
VAL_M1M_2022_0087,SPEAKER_00,22,6,223,5.284,5.739,1.916,5.0,-0.389,42.3,7.244,49.544,16,405.0,452.75,244.697,6.004,7.17,5.272,4.501,4.487,4.978,2.772,90.393
VAL_M1M_2022_0087,SPEAKER_01,99,7,1418,5.821,5.997,2.166,12.0,0.0643,250.507,71.146,321.653,92,620.5,773.326,497.14,6.431,6.49,5.661,4.408,5.336,5.2,1.667,90.606
VAL_M1M_2022_0087,UNKNOWN,1,1,1,7.143,7.143,0.0,1.0,,0.14,0.0,0.14,0,,,,,0.0,7.143,7.143,,,,
VAL_M1M_2026_00635,SPEAKER_00,143,2,1460,4.926,4.83,1.898,8.0,0.0023,296.46,115.292,411.752,141,580.0,817.674,916.745,6.363,9.66,4.925,3.546,4.213,4.543,2.039,88.604
VAL_M1M_2026_00635,SPEAKER_01,4,1,24,3.224,3.797,1.45,5.5,-0.2,8.23,2.41,10.64,3,990.0,803.333,292.727,6.898,12.5,2.916,2.256,2.56,3.911,2.128,86.339
VAL_M2A_1996_00215,SPEAKER_00,11,8,101,7.403,7.292,2.501,9.0,0.0182,15.373,1.08,16.453,3,320.0,360.0,71.181,5.768,2.97,6.57,6.139,,,,
VAL_M2A_1996_00215,SPEAKER_01,212,9,2906,7.744,7.714,2.239,11.0,0.0081,371.344,133.45,504.794,203,534.0,657.389,447.057,6.28,6.99,7.826,5.757,5.622,6.196,2.707,89.364
VAL_M2A_2020_00113,SPEAKER_00,174,14,1524,5.046,4.926,1.952,7.0,-0.0096,307.707,133.009,440.716,160,705.0,831.306,498.623,6.558,10.5,4.953,3.458,3.727,4.057,1.54,89.487
VAL_M2A_2020_00113,SPEAKER_01,34,13,400,6.505,6.512,1.586,9.5,0.0831,65.259,19.18,84.439,21,650.0,913.333,687.34,6.477,5.25,6.129,4.737,2.655,2.923,1.563,82.816
VAL_M2A_2020_00113,UNKNOWN,1,1,2,15.385,15.385,0.0,2.0,,0.13,0.0,0.13,0,,,,,0.0,15.385,15.385,,,,
VAL_M2A_2020_00158,SPEAKER_00,14,5,178,7.199,7.098,1.788,9.0,-0.5363,26.166,6.772,32.938,9,560.0,752.444,433.997,6.328,5.06,6.803,5.404,3.069,3.626,1.42,91.965
VAL_M2A_2020_00158,SPEAKER_01,195,6,2089,5.634,5.723,2.059,8.0,-0.0003,367.3,127.748,495.048,189,510.0,675.915,485.381,6.234,9.05,5.687,4.22,4.444,4.401,1.741,90.719
VAL_M2A_2021_0021,SPEAKER_00,176,6,2441,6.818,6.737,2.087,11.0,-0.015,363.85,138.58,502.43,170,732.5,815.176,465.565,6.596,6.96,6.709,4.858,5.095,5.428,2.212,90.135
VAL_M2A_2021_0021,SPEAKER_01,14,5,186,6.478,6.128,1.711,11.0,-0.8571,32.142,8.962,41.104,9,610.0,995.778,1174.148,6.413,4.84,5.787,4.525,2.609,2.891,1.192,89.745
VAL_M2A_2021_0037,SPEAKER_00,178,6,1533,5.384,5.333,2.062,7.0,-0.004,291.891,162.977,454.868,172,625.0,947.54,1944.84,6.438,11.22,5.252,3.37,5.013,5.71,3.211,90.479
VAL_M2A_2021_0037,SPEAKER_01,11,5,75,6.944,6.668,1.604,5.0,0.3727,10.614,4.102,14.716,6,380.0,683.667,555.764,5.94,8.0,7.066,5.096,2.591,4.528,3.169,91.179
VAL_M2A_2021_0038,SPEAKER_00,143,15,1411,6.659,6.333,2.262,8.0,-0.0206,221.73,95.397,317.127,128,560.0,745.289,677.84,6.328,9.07,6.364,4.449,4.557,4.743,1.967,91.904
VAL_M2A_2021_0038,SPEAKER_01,24,14,310,5.891,6.401,1.846,13.0,-0.2426,49.843,8.402,58.245,10,726.0,840.2,602.097,6.588,3.23,6.22,5.322,3.929,3.903,1.557,93.258
VAL_M2A_2021_0052,SPEAKER_00,30,11,374,6.721,6.607,1.633,10.5,-0.0222,56.879,15.184,72.063,19,640.0,799.158,348.294,6.461,5.08,6.575,5.19,3.591,3.622,1.392,91.921
VAL_M2A_2021_0052,SPEAKER_01,149,12,2473,6.977,6.755,1.831,13.0,-0.0162,368.229,89.273,457.502,137,512.0,651.628,436.724,6.238,5.54,6.716,5.405,5.28,5.584,2.463,88.183
VAL_M2A_2021_0069,SPEAKER_00,30,15,278,7.988,7.996,3.108,7.0,0.2082,39.355,18.272,57.627,15,880.0,1218.133,825.017,6.78,5.4,7.064,4.824,3.832,4.741,2.723,93.325
VAL_M2A_2021_0069,SPEAKER_01,161,16,2046,6.639,6.676,2.495,10.0,0.0289,309.567,111.995,421.562,145,590.0,772.379,537.504,6.38,7.09,6.609,4.853,5.722,5.99,2.846,87.991
VAL_M2A_2022_00100,SPEAKER_00,16,8,220,7.014,6.985,1.384,12.5,0.2382,30.49,5.925,36.415,8,621.5,740.625,619.765,6.432,3.64,7.215,6.041,4.813,4.92,1.675,92.151
VAL_M2A_2022_00100,SPEAKER_01,103,9,1582,6.186,5.933,1.834,13.0,0.0327,262.262,51.17,313.432,94,440.0,544.363,313.446,6.087,5.94,6.032,5.047,4.182,4.259,1.258,90.5
VAL_M2A_2022_0084,SPEAKER_00,49,13,510,5.462,5.192,1.487,9.0,0.0498,96.461,36.662,133.123,36,795.0,1018.389,604.161,6.678,7.06,5.287,3.831,4.23,4.171,1.82,81.636
VAL_M2A_2022_0084,SPEAKER_01,114,14,1165,4.639,4.499,1.487,8.0,0.0085,255.156,97.336,352.492,100,799.0,973.361,599.318,6.683,8.58,4.566,3.305,4.618,4.89,1.855,90.199
VAL_M2B_2019_0015,SPEAKER_00,3,3,41,7.109,7.462,1.719,15.0,4.0,6.25,0.0,6.25,0,,,,,0.0,6.56,6.56,4.174,4.174,0.525,93.108
VAL_M2B_2019_0015,SPEAKER_01,175,4,1792,5.343,5.328,1.644,8.0,0.0132,333.745,158.416,492.161,171,781.0,926.409,566.837,6.661,9.54,5.369,3.641,4.485,4.869,1.996,86.847
VAL_M2B_2019_00180,SPEAKER_00,159,6,2391,6.378,6.167,2.026,14.0,0.031,380.266,110.956,491.222,153,590.0,725.203,567.936,6.38,6.4,6.288,4.867,4.371,4.661,2.187,89.151
VAL_M2B_2019_00180,SPEAKER_01,10,5,76,4.617,5.249,2.204,6.5,-0.3636,15.72,2.96,18.68,5,610.0,592.0,250.472,6.413,6.58,4.835,4.069,,,,
VAL_M2B_2020_00120,SPEAKER_00,96,37,570,6.91,6.921,2.867,5.0,0.0077,85.078,64.705,149.783,59,891.0,1096.695,831.717,6.792,10.35,6.7,3.806,5.21,6.234,4.937,85.774
VAL_M2B_2020_00120,SPEAKER_01,110,38,931,6.81,6.71,2.968,6.5,0.0207,157.87,99.577,257.447,72,801.0,1383.014,1251.463,6.686,7.73,5.897,3.616,4.207,4.336,1.948,82.866
VAL_M2B_2020_00120,UNKNOWN,2,2,4,18.334,18.334,1.666,2.0,,0.22,0.0,0.22,0,,,,,0.0,18.182,18.182,,,,
VAL_M2B_2020_00122,SPEAKER_00,14,13,155,6.52,6.208,0.911,10.0,-0.0549,25.422,0.391,25.813,1,391.0,391.0,0.0,5.969,0.65,6.097,6.005,13.147,9.981,5.683,88.632
VAL_M2B_2020_00122,SPEAKER_01,111,14,848,5.161,5.07,1.649,7.0,0.0105,165.9,133.789,299.689,97,1090.0,1379.268,987.421,6.994,11.44,5.112,2.83,3.171,5.185,4.331,90.057
VAL_M2B_2020_00168,SPEAKER_00,169,17,1533,5.386,5.506,2.38,8.0,0.0115,293.947,137.941,431.888,152,745.0,907.507,704.095,6.613,9.92,5.215,3.55,5.572,5.842,2.594,88.34
VAL_M2B_2020_00168,SPEAKER_01,40,16,548,6.61,6.627,2.272,10.0,-0.0627,80.672,20.486,101.158,24,657.0,853.583,528.422,6.488,4.38,6.793,5.417,4.132,4.014,1.401,85.228
VAL_M2B_2021_0072,SPEAKER_00,23,6,312,5.143,5.737,3.166,11.0,-0.0128,59.151,14.014,73.165,17,520.0,824.353,739.703,6.254,5.45,5.275,4.264,4.744,4.967,1.319,92.463
VAL_M2B_2021_0072,SPEAKER_01,126,7,1568,6.233,5.979,1.874,11.0,0.0142,266.204,96.062,362.266,119,700.0,807.243,463.378,6.551,7.59,5.89,4.328,5.504,5.65,2.12,89.725
VAL_M2B_2022_0081,SPEAKER_00,23,8,208,4.839,5.292,2.076,7.0,-0.2026,43.612,8.203,51.815,15,540.0,546.867,228.682,6.292,7.21,4.769,4.014,3.68,3.886,1.787,89.865
VAL_M2B_2022_0081,SPEAKER_01,156,9,2678,6.486,6.298,1.808,14.0,-0.0044,432.383,93.74,526.123,147,520.0,637.688,424.9,6.254,5.49,6.194,5.09,4.574,5.021,2.0,89.047
VAL_M2B_2026_00623,SPEAKER_00,6,5,109,6.011,5.782,1.485,24.0,-0.4286,18.937,0.5,19.437,1,500.0,500.0,0.0,6.215,0.92,5.756,5.608,5.267,4.797,1.363,95.638
VAL_M2B_2026_00623,SPEAKER_01,188,6,2396,6.278,6.401,2.023,10.0,0.0027,395.745,139.691,535.436,182,631.0,767.532,457.706,6.447,7.6,6.054,4.475,5.835,6.124,2.62,96.874
VAL_M2B_2026_00624,SPEAKER_00,16,8,193,6.473,7.23,1.649,11.5,0.9426,28.581,6.09,34.671,8,675.0,761.25,387.216,6.515,4.15,6.753,5.567,2.926,3.019,1.279,91.598
VAL_M2B_2026_00624,SPEAKER_01,228,9,2573,6.312,6.34,1.788,10.0,0.0027,418.63,160.888,579.518,219,620.0,734.649,466.531,6.43,8.51,6.146,4.44,4.141,4.744,2.612,91.804
VAL_M2B_2026_00627,SPEAKER_00,33,6,454,5.038,5.25,1.767,12.0,0.0324,91.839,15.526,107.365,27,451.0,575.037,346.411,6.111,5.95,4.943,4.229,3.709,4.002,1.409,94.138
VAL_M2B_2026_00627,SPEAKER_01,167,7,1584,5.097,5.064,1.814,8.0,-0.001,308.412,127.06,435.472,160,710.0,794.125,435.194,6.565,10.1,5.136,3.637,5.633,5.814,2.132,89.231
VAL_M2M_2019_00191,SPEAKER_00,31,9,325,6.186,6.164,2.131,9.0,0.0528,52.766,19.454,72.22,22,660.0,884.273,682.172,6.492,6.77,6.159,4.5,4.601,5.29,3.397,91.196
VAL_M2M_2019_00191,SPEAKER_01,170,10,2329,5.85,5.753,2.105,12.0,-0.01,396.378,131.95,528.328,160,684.5,824.688,596.171,6.529,6.87,5.876,4.408,3.802,3.997,2.778,88.809
VAL_M2M_2019_00212,SPEAKER_00,20,8,173,4.471,4.835,1.508,7.5,0.0203,40.153,12.606,52.759,12,770.0,1050.5,822.673,6.646,6.94,4.309,3.279,3.062,3.187,1.305,90.865
VAL_M2M_2019_00212,SPEAKER_01,259,9,3571,5.479,5.278,1.594,11.0,-0.005,671.712,207.479,879.191,250,665.0,829.916,597.213,6.5,7.0,5.316,4.062,5.191,5.418,2.463,87.693
VAL_M2M_2020_0016,SPEAKER_00,12,3,307,6.726,6.447,1.191,23.5,3.5909,48.105,4.835,52.94,9,470.0,537.222,173.799,6.153,2.93,6.382,5.799,3.983,3.916,0.784,93.526
VAL_M2M_2020_0016,SPEAKER_01,163,4,3250,6.699,6.578,1.654,18.0,-0.0019,486.536,78.69,565.226,159,400.0,494.905,250.051,5.991,4.89,6.68,5.75,4.508,4.693,1.378,89.985
VAL_M2M_2021_0029,SPEAKER_00,163,28,1228,6.731,6.697,2.874,6.0,-0.0099,199.556,176.382,375.938,135,700.0,1306.533,3093.886,6.551,10.99,6.154,3.266,3.96,3.683,1.371,93.37
VAL_M2M_2021_0029,SPEAKER_01,42,26,509,7.01,7.909,3.12,10.0,0.0069,74.535,19.425,93.96,16,675.0,1214.062,1530.78,6.515,3.14,6.829,5.417,,,,
VAL_M2M_2021_0029,UNKNOWN,3,3,12,12.5,10.72,3.594,4.0,1.0,1.291,0.0,1.291,0,,,,,0.0,9.295,9.295,,,,
VAL_M2M_2021_0045,SPEAKER_00,24,11,181,7.813,7.407,2.026,5.0,0.0465,24.848,15.055,39.903,13,650.0,1158.077,1316.007,6.477,7.18,7.284,4.536,4.319,4.798,2.803,93.502
VAL_M2M_2021_0045,SPEAKER_01,168,11,1581,6.457,6.515,2.112,8.0,-0.0066,256.382,137.56,393.942,157,755.0,876.178,533.161,6.627,9.93,6.167,4.013,3.876,4.306,2.108,89.402
VAL_M2M_2022_0077,SPEAKER_00,22,9,314,4.998,5.201,1.817,15.0,0.4833,59.584,9.013,68.597,13,550.0,693.308,311.006,6.31,4.14,5.27,4.577,5.795,6.117,2.319,89.531
VAL_M2M_2022_0077,SPEAKER_01,170,10,2086,6.061,6.049,1.834,10.0,-0.0076,346.313,98.074,444.387,160,485.0,612.962,373.813,6.184,7.67,6.023,4.694,4.427,4.685,2.047,90.577
VAL_M2M_2022_0091,SPEAKER_00,13,5,148,8.547,8.512,3.073,9.0,-0.6374,19.072,12.367,31.439,8,1410.5,1545.862,848.56,7.252,5.41,7.76,4.708,6.173,5.782,1.91,82.754
VAL_M2M_2022_0091,SPEAKER_01,177,6,1788,7.051,7.008,2.121,8.0,0.014,264.722,228.498,493.22,171,1060.0,1336.246,1141.202,6.966,9.56,6.754,3.625,4.585,5.15,2.872,83.201
VAL_M2M_2022_0091,UNKNOWN,1,1,5,12.5,12.5,0.0,5.0,,0.4,0.0,0.4,0,,,,,0.0,12.5,12.5,,,,
VAL_M2M_2023_00298,SPEAKER_00,199,8,1764,6.494,6.561,2.27,7.0,-0.0075,279.613,211.426,491.039,191,920.0,1106.942,793.25,6.824,10.83,6.309,3.592,4.063,5.467,4.165,92.156
VAL_M2M_2023_00298,SPEAKER_01,13,7,151,6.566,7.25,3.08,10.0,-0.2363,25.019,5.842,30.861,6,915.0,973.667,475.913,6.819,3.97,6.035,4.893,3.391,3.265,1.038,93.26
VAL_M2M_2023_00363,SPEAKER_00,23,11,294,5.954,5.928,2.311,12.0,0.0573,47.985,14.246,62.231,12,700.0,1187.167,1524.33,6.551,4.08,6.127,4.724,4.241,4.233,2.008,92.113
VAL_M2M_2023_00363,SPEAKER_01,176,12,2055,6.858,6.966,2.499,10.0,-0.0015,316.057,144.288,460.345,164,610.5,879.805,1821.261,6.414,7.98,6.502,4.464,4.896,5.276,2.255,88.305
VAL_M2M_2025_00692,SPEAKER_00,161,8,1978,5.758,5.69,1.836,11.0,-0.0116,347.445,128.574,476.019,153,680.0,840.353,547.858,6.522,7.74,5.693,4.155,5.101,5.319,1.683,91.18
VAL_M2M_2025_00692,SPEAKER_01,17,8,239,5.26,5.633,1.796,9.0,-0.7623,42.59,6.903,49.493,9,380.0,767.0,692.846,5.94,3.77,5.612,4.829,4.324,5.044,1.852,92.102
VAL_M3A_2020_00115,SPEAKER_00,60,29,707,5.858,5.738,1.498,9.0,-0.0197,123.271,28.023,151.294,31,640.0,903.968,739.787,6.461,4.38,5.735,4.673,3.188,3.7,2.598,93.238
VAL_M3A_2020_00115,SPEAKER_01,105,28,1138,6.548,6.451,2.318,8.0,-0.0051,176.088,70.181,246.269,77,750.0,911.442,585.908,6.62,6.77,6.463,4.621,3.493,3.689,1.495,82.863
VAL_M3A_2020_00125,SPEAKER_00,95,10,1488,5.503,5.358,1.401,12.0,-0.0512,280.729,64.001,344.73,85,606.0,752.953,555.568,6.407,5.71,5.3,4.316,3.414,3.625,1.441,92.912
VAL_M3A_2020_00125,SPEAKER_01,35,9,356,6.244,6.034,2.159,9.0,-0.0661,60.424,22.645,83.069,26,690.0,870.962,579.384,6.537,7.3,5.892,4.286,3.029,4.48,3.785,92.082
VAL_M3A_2021_0041,SPEAKER_00,23,15,220,8.036,8.197,3.459,9.0,0.1383,29.599,3.939,33.538,8,490.0,492.375,156.883,6.194,3.64,7.433,6.56,4.267,4.068,1.639,95.299
VAL_M3A_2021_0041,SPEAKER_01,196,16,2236,6.99,6.94,2.702,9.0,-0.0095,338.196,142.007,480.203,180,600.0,788.928,586.582,6.397,8.05,6.612,4.656,2.994,3.371,2.186,90.496
VAL_M3A_2021_0041,UNKNOWN,1,1,4,14.815,14.815,0.0,4.0,,0.27,0.0,0.27,0,,,,,0.0,14.815,14.815,,,,
VAL_M3A_2021_0043,SPEAKER_00,156,7,1978,5.446,5.497,1.571,10.5,0.0076,373.725,126.301,500.026,149,680.0,847.658,613.451,6.522,7.53,5.293,3.956,13.618,10.823,5.809,84.651
VAL_M3A_2021_0043,SPEAKER_01,10,6,182,5.588,5.959,1.539,12.5,0.1091,31.82,2.79,34.61,4,720.0,697.5,147.203,6.579,2.2,5.72,5.259,3.747,3.631,0.474,91.471
VAL_M3A_2021_0053,SPEAKER_00,95,10,1572,6.417,6.436,2.166,15.0,0.0113,250.868,149.619,400.487,85,620.0,1760.224,6798.874,6.43,5.41,6.266,3.925,4.982,5.566,2.436,90.141
VAL_M3A_2021_0053,SPEAKER_01,12,9,98,8.042,7.441,2.478,9.0,-0.4406,13.103,2.813,15.916,3,451.0,937.667,841.869,6.111,3.06,7.479,6.157,5.0,6.299,3.106,84.989
VAL_M3A_2021_0058,SPEAKER_00,30,6,243,5.389,5.774,2.16,6.5,-0.0585,45.868,22.67,68.538,24,781.0,944.583,639.399,6.661,9.88,5.298,3.545,3.619,3.536,1.937,92.053
VAL_M3A_2021_0058,SPEAKER_01,138,7,1801,5.788,5.869,1.892,11.0,-0.0288,307.111,100.432,407.543,131,612.0,766.657,492.395,6.417,7.27,5.864,4.419,3.734,4.075,1.746,91.674
VAL_M3A_2021_0062,SPEAKER_00,143,4,2004,6.195,6.116,1.926,13.0,-0.0181,336.732,125.741,462.473,139,690.0,904.612,674.793,6.537,6.94,5.951,4.333,5.334,5.571,2.008,89.239
VAL_M3A_2021_0062,SPEAKER_01,5,3,32,7.457,7.17,2.403,6.0,0.4,4.901,1.37,6.271,2,685.0,685.0,235.0,6.529,6.25,6.529,5.103,,,,
VAL_M3A_2021_0064,SPEAKER_00,19,7,208,5.742,5.506,2.02,10.0,-0.4526,35.865,13.12,48.985,12,887.0,1093.333,718.014,6.788,5.77,5.8,4.246,5.464,5.749,1.931,96.691
VAL_M3A_2021_0064,SPEAKER_01,329,8,3250,5.952,6.052,2.03,8.0,-0.0008,549.435,229.831,779.266,321,567.0,715.984,483.763,6.34,9.88,5.915,4.171,5.262,5.457,1.978,96.052
VAL_M3A_2022_0083,SPEAKER_00,40,11,495,4.545,4.774,1.502,10.0,0.2579,101.682,15.937,117.619,29,490.0,549.552,232.848,6.194,5.86,4.868,4.209,3.78,3.547,1.416,91.677
VAL_M3A_2022_0083,SPEAKER_01,142,11,1760,6.193,6.318,2.11,10.0,0.0256,280.458,86.582,367.04,131,550.0,660.931,399.035,6.31,7.44,6.275,4.795,2.904,3.326,1.544,89.742
VAL_M3A_2026_00646,SPEAKER_00,209,7,2908,5.785,5.784,2.061,12.0,0.0025,492.566,100.83,593.395,202,390.0,499.158,310.658,5.966,6.95,5.904,4.901,4.982,5.226,2.121,91.183
VAL_M3A_2026_00646,SPEAKER_01,14,6,171,5.227,5.504,1.554,11.5,0.3011,31.595,3.653,35.248,8,370.0,456.625,250.689,5.914,4.68,5.412,4.851,4.208,4.871,1.635,85.826
VAL_M3B_2021_0019,SPEAKER_00,22,14,214,7.154,7.025,2.437,10.0,-0.2202,32.011,15.34,47.351,8,1025.0,1917.5,2178.966,6.932,3.74,6.685,4.519,3.284,4.995,3.002,89.586
VAL_M3B_2021_0019,SPEAKER_01,172,15,1833,5.397,5.481,1.988,8.0,-0.0029,353.964,143.966,497.93,157,700.0,916.981,695.632,6.551,8.57,5.178,3.681,6.222,6.373,2.527,89.38
VAL_M3B_2021_0024,SPEAKER_00,169,19,1889,6.329,6.266,1.799,10.0,0.0021,306.937,106.198,413.135,150,593.0,707.987,450.062,6.385,7.94,6.154,4.572,4.62,4.582,1.239,89.937
VAL_M3B_2021_0024,SPEAKER_01,31,19,457,5.882,6.35,1.886,12.0,-0.2161,74.486,7.484,81.97,12,535.0,623.667,320.07,6.282,2.63,6.135,5.575,4.201,4.347,1.171,81.62
VAL_M3B_2022_00103,SPEAKER_00,30,21,318,7.621,7.106,2.84,8.5,-0.1731,47.477,5.0,52.477,9,570.0,555.556,256.152,6.346,2.83,6.698,6.06,3.716,3.694,1.265,90.907
VAL_M3B_2022_00103,SPEAKER_01,220,22,2626,7.424,7.379,2.504,10.0,0.0005,360.166,147.039,507.205,198,617.5,742.622,490.605,6.426,7.54,7.291,5.177,4.733,5.123,1.978,91.201
VAL_M3B_2022_0075,SPEAKER_00,357,10,3348,7.061,7.017,2.236,8.0,-0.0017,490.8,236.554,727.354,347,535.0,681.712,773.445,6.282,10.36,6.822,4.603,5.399,5.728,3.054,83.298
VAL_M3B_2022_0075,SPEAKER_01,21,9,229,7.971,7.525,2.318,11.0,-0.0351,30.99,12.105,43.095,12,717.0,1008.75,748.13,6.575,5.24,7.389,5.314,4.523,4.653,1.569,95.364
VAL_M3B_2022_0079,SPEAKER_00,120,14,1061,6.562,6.734,2.449,7.5,0.0285,164.548,100.012,264.56,106,720.0,943.509,733.58,6.579,9.99,6.448,4.01,3.818,4.852,2.852,93.365
VAL_M3B_2022_0079,SPEAKER_01,55,14,689,6.935,6.605,2.16,10.0,0.0435,103.422,31.152,134.574,41,580.0,759.805,518.65,6.363,5.95,6.662,5.12,4.193,4.457,2.609,93.287
VAL_M3B_2022_0080,SPEAKER_00,234,12,1599,5.739,5.722,2.398,6.0,-0.0049,296.665,194.768,491.433,222,695.5,877.333,583.133,6.545,13.88,5.39,3.254,5.245,6.481,3.722,88.737
VAL_M3B_2022_0080,SPEAKER_01,12,11,94,6.717,6.547,2.238,8.5,-0.1608,15.081,0.851,15.932,1,851.0,851.0,0.0,6.746,1.06,6.233,5.9,4.194,4.442,1.058,95.933
VAL_M3B_2022_0096,SPEAKER_00,125,30,1058,4.839,5.2,2.124,8.0,-0.0119,210.428,117.233,327.661,95,800.0,1234.032,1131.562,6.685,8.98,5.028,3.229,5.412,5.973,3.2,86.76
VAL_M3B_2022_0096,SPEAKER_01,78,31,629,6.207,6.142,2.425,5.0,-0.0433,106.715,38.572,145.287,47,590.0,820.681,687.643,6.38,7.47,5.894,4.329,3.706,4.177,2.709,80.303
VAL_M3B_2023_0017,SPEAKER_00,166,13,1426,6.336,6.296,1.779,7.0,0.0049,224.801,187.362,412.163,153,1040.0,1224.588,863.928,6.947,10.73,6.343,3.46,5.15,6.3,3.951,87.868
VAL_M3B_2023_0017,SPEAKER_01,28,13,203,7.014,6.844,1.895,6.5,-0.2504,29.224,9.289,38.513,15,410.0,619.267,418.51,6.016,7.39,6.946,5.271,3.655,4.11,2.06,80.076
VAL_M3B_2026_00642,SPEAKER_00,237,7,1850,6.608,6.677,2.246,7.0,-0.0155,294.53,233.983,528.513,230,770.5,1017.317,835.235,6.647,12.43,6.281,3.5,5.959,5.989,2.607,89.764
VAL_M3B_2026_00642,SPEAKER_01,8,6,91,4.992,5.609,2.379,13.5,0.7738,17.46,2.44,19.9,2,1220.0,1220.0,320.0,7.107,2.2,5.212,4.573,3.738,3.738,0.514,91.551
VAL_M3B_2026_00644,SPEAKER_00,122,16,1858,6.189,6.056,1.488,15.0,0.0256,309.562,57.145,366.707,106,462.5,539.104,306.571,6.137,5.71,6.002,5.067,4.923,5.084,1.722,92.927
VAL_M3B_2026_00644,SPEAKER_01,44,15,590,4.415,4.417,1.513,11.5,0.0507,120.349,22.003,142.352,29,540.0,758.724,550.935,6.292,4.92,4.902,4.145,4.731,4.511,1.459,93.73
VAL_M3M_2020_00129,SPEAKER_00,210,9,2490,5.675,5.767,2.04,10.0,-0.0071,430.959,157.241,588.2,201,650.0,782.293,636.128,6.477,8.07,5.778,4.233,5.644,5.584,2.413,86.608
VAL_M3M_2020_00129,SPEAKER_01,20,8,294,5.077,5.606,1.563,16.0,-0.209,51.845,10.215,62.06,12,540.5,851.25,634.183,6.292,4.08,5.671,4.737,5.787,5.743,2.172,92.059
VAL_M3M_2020_00139,SPEAKER_00,5,1,40,5.825,5.789,1.626,5.0,-3.1,7.821,2.625,10.446,4,670.5,656.25,107.495,6.508,10.0,5.114,3.829,6.942,6.942,0.272,94.675
VAL_M3M_2020_00139,SPEAKER_01,191,2,2277,6.122,6.2,1.517,9.0,-0.008,367.719,177.01,544.729,189,800.0,936.561,544.472,6.685,8.3,6.192,4.18,5.846,6.153,2.847,88.149
VAL_M3M_2020_00139,UNKNOWN,1,1,3,10.274,10.274,0.0,3.0,,0.292,0.0,0.292,0,,,,,0.0,10.274,10.274,,,,
VAL_M3M_2020_00161,SPEAKER_00,14,3,160,7.218,6.799,2.852,7.0,-1.6396,26.145,5.409,31.554,11,335.0,491.727,294.37,5.814,6.88,6.12,5.071,5.967,6.964,1.781,91.691
VAL_M3M_2020_00161,SPEAKER_01,181,3,2263,5.959,5.852,1.846,11.0,0.0078,383.602,135.362,518.964,178,625.5,760.461,517.287,6.439,7.87,5.899,4.361,6.029,6.521,2.294,91.189
VAL_M3M_2020_00161,UNKNOWN,1,1,0,0.0,0.0,0.0,0.0,,0.32,0.0,0.32,0,,,,,,0.0,0.0,,,,
VAL_M3M_2022_00107,SPEAKER_00,66,32,490,5.207,5.297,2.197,6.0,0.0635,95.666,20.493,116.159,34,455.0,602.735,365.42,6.12,6.94,5.122,4.218,5.359,5.331,2.559,89.696
VAL_M3M_2022_00107,SPEAKER_01,157,33,1932,6.569,6.622,2.197,11.0,-0.0069,317.078,92.596,409.674,124,602.5,746.741,557.539,6.401,6.42,6.093,4.716,5.165,5.273,2.174,88.309
VAL_M3M_2022_00109,SPEAKER_00,155,12,2102,6.413,6.576,1.886,11.0,0.0067,325.282,119.953,445.235,143,700.0,838.832,545.436,6.551,6.8,6.462,4.721,5.399,5.618,2.174,89.47
VAL_M3M_2022_00109,SPEAKER_01,17,11,191,7.136,6.759,2.204,12.0,-0.1324,26.383,4.922,31.305,6,755.0,820.333,353.855,6.627,3.14,7.24,6.101,3.848,4.243,1.812,95.222
VAL_M3M_2022_0085,SPEAKER_00,17,5,179,7.207,7.819,2.032,6.0,0.348,27.04,24.015,51.055,12,720.5,2001.25,3013.507,6.58,6.7,6.62,3.506,7.226,6.495,1.962,92.186
VAL_M3M_2022_0085,SPEAKER_01,122,7,1221,5.833,5.882,2.014,8.0,0.0271,207.726,128.731,336.457,115,954.0,1119.4,744.633,6.861,9.42,5.878,3.629,5.302,5.569,2.223,93.095
VAL_M3M_2022_0085,UNKNOWN,1,1,5,16.667,16.667,0.0,5.0,,0.3,0.0,0.3,0,,,,,0.0,16.667,16.667,,,,
VAL_M3M_2022_0092,SPEAKER_00,193,13,1318,4.861,5.102,2.376,5.0,0.0001,277.166,169.568,446.734,180,715.5,942.044,818.433,6.573,13.66,4.755,2.95,4.191,5.538,4.316,92.296
VAL_M3M_2022_0092,SPEAKER_01,39,10,385,6.306,5.953,1.758,8.0,0.1184,62.017,21.288,83.305,29,552.0,734.069,455.395,6.314,7.53,6.208,4.622,4.205,5.747,4.293,93.525
VAL_M3M_2022_0092,UNKNOWN,10,5,74,5.668,6.032,1.966,7.0,-0.1091,12.73,4.526,17.256,5,832.0,905.2,493.269,6.724,6.76,5.813,4.288,2.702,2.702,0.0,100.747
VAL_M3M_2026_00639,SPEAKER_00,145,8,1898,4.899,4.938,1.623,11.0,0.037,402.299,106.378,508.677,137,650.0,776.481,494.747,6.477,7.22,4.718,3.731,5.4,5.852,2.717,86.486
VAL_M3M_2026_00639,SPEAKER_01,26,7,340,4.8,4.713,1.702,7.5,0.1477,72.582,12.215,84.797,19,460.0,642.895,435.225,6.131,5.59,4.684,4.01,4.037,4.164,1.026,94.834
VAL_M3M_2026_00640,SPEAKER_00,165,17,1598,5.814,5.752,2.499,8.0,0.007,285.478,114.916,400.394,148,615.5,776.459,540.412,6.422,9.26,5.598,3.991,6.153,6.763,3.223,89.636
VAL_M3M_2026_00640,SPEAKER_01,25,16,235,6.378,6.327,1.728,6.0,0.1462,38.844,9.093,47.937,9,821.0,1010.333,637.952,6.711,3.83,6.05,4.902,6.974,8.434,4.62,92.624
VAL_M3M_2026_00643,SPEAKER_00,18,16,231,5.951,5.702,1.627,10.5,0.1373,41.515,2.821,44.336,2,1410.5,1410.5,430.5,7.252,0.87,5.564,5.21,3.598,4.799,3.421,93.286
VAL_M3M_2026_00643,SPEAKER_01,139,17,1399,4.95,4.972,1.98,8.0,0.025,281.706,145.268,426.974,122,985.5,1190.721,887.662,6.893,8.72,4.966,3.277,6.143,6.21,2.438,88.42
